"BROKEN","EPIC","FAILED","FEATURE","PASSED","SKIPPED","STORY","UNKNOWN"
"0","MDM","0","Driver Assistant Management","1","0","Create DA","0"
"0","MDM","0","Driver Assistant Management","1","0","Search DA","0"
"0","MDM","0","Driver Assistant Management","1","0","Approve DA","0"
"0","MDM","0","Driver Management","1","0","Approve Driver","0"
"0","MDM","0","Driver Management","1","0","Duplicate Driver","0"
"0","MDM","0","Driver Management","1","0","Create Driver","0"
"0","MDM","0","Driver Management","1","0","Update Driver","0"
"0","MDM","0","Driver Management","1","0","Search Driver","0"
"0","MDM","0","Driver Assistant Management","1","0","Duplicate DA","0"
"0","MDM","0","Driver Management","1","0","Login","0"
"0","MDM","0","Driver Assistant Management","1","0","Login","0"
"0","MDM","0","Driver Assistant Management","1","0","Update DA","0"
