"DESCRIPTION","DURATION IN MS","NAME","PARENT SUITE","START TIME","STATUS","STOP TIME","SUB SUITE","SUITE","TEST CLASS","TEST METHOD"
"","2556","createDa","Gradle suite","2026-10-08","passed","2026-10-08","com.oorjaa.mdm.tests.da.DaTest","Gradle test","com.oorjaa.mdm.tests.da.DaTest","createDa"
"","251","searchDa","Gradle suite","2026-10-08","passed","2026-10-08","com.oorjaa.mdm.tests.da.DaTest","Gradle test","com.oorjaa.mdm.tests.da.DaTest","searchDa"
"","407","approveDa","Gradle suite","2026-10-08","passed","2026-10-08","com.oorjaa.mdm.tests.da.DaTest","Gradle test","com.oorjaa.mdm.tests.da.DaTest","approveDa"
"Approve driver","1100","approveDriver","Gradle suite","2026-10-08","passed","2026-10-08","com.oorjaa.mdm.tests.driver.DriverTest","Gradle test","com.oorjaa.mdm.tests.driver.DriverTest","approveDriver"
"Duplicate phone/license validation","438","validateDuplicatePhoneNumber","Gradle suite","2026-10-08","passed","2026-10-08","com.oorjaa.mdm.tests.driver.DriverTest","Gradle test","com.oorjaa.mdm.tests.driver.DriverTest","validateDuplicatePhoneNumber"
"Create driver and validate in DB","3865","createDriver","Gradle suite","2026-10-08","passed","2026-10-08","com.oorjaa.mdm.tests.driver.DriverTest","Gradle test","com.oorjaa.mdm.tests.driver.DriverTest","createDriver"
"Update driver and validate in DB","2622","updateDriver","Gradle suite","2026-10-08","passed","2026-10-08","com.oorjaa.mdm.tests.driver.DriverTest","Gradle test","com.oorjaa.mdm.tests.driver.DriverTest","updateDriver"
"Search driver","1197","searchDriver","Gradle suite","2026-10-08","passed","2026-10-08","com.oorjaa.mdm.tests.driver.DriverTest","Gradle test","com.oorjaa.mdm.tests.driver.DriverTest","searchDriver"
"","663","validateDuplicatePhoneNumber","Gradle suite","2026-10-08","passed","2026-10-08","com.oorjaa.mdm.tests.da.DaTest","Gradle test","com.oorjaa.mdm.tests.da.DaTest","validateDuplicatePhoneNumber"
"Login and get session token","3537","login","Gradle suite","2026-10-08","passed","2026-10-08","com.oorjaa.mdm.tests.driver.DriverTest","Gradle test","com.oorjaa.mdm.tests.driver.DriverTest","login"
"","3028","login","Gradle suite","2026-10-08","passed","2026-10-08","com.oorjaa.mdm.tests.da.DaTest","Gradle test","com.oorjaa.mdm.tests.da.DaTest","login"
"","3499","updateDa","Gradle suite","2026-10-08","passed","2026-10-08","com.oorjaa.mdm.tests.da.DaTest","Gradle test","com.oorjaa.mdm.tests.da.DaTest","updateDa"
